[
    {
        "nendo": 2019,
        "energy": {
            "value": 999999,
            "date": "20190401"
        },
        "power": {
            "summer": {
                "value": 9999,
                "datetime": "2019040106"
            },
            "winter": {
                "value": 9999,
                "datetime": "2019040106"
            },
            "all": {
                "value": 9999,
                "datetime": "2019040106"
            }
        }
    },
    {
        "nendo": 2018,
        "energy": {
            "value": 9999,
            "date": "20190401"
        },
        "power": {
            "summer": {
                "value": 99,
                "datetime": "2019040106"
            },
            "winter": {
                "value": 99,
                "datetime": "2019040106"
            },
            "all": {
                "value": 99,
                "datetime": "2019040106"
            }
        }
    }
]