{
    "daily": [
        {
            "target": "20190406",
            "max": null,
            "data":{
                "total": [3412, 3409, 3386, 3392, 3351, 3367, 3373, 3378, 3353, 3374, 3380, 3364, 3378, 3421, 3423, 3423, 3422, 3438, 3480, 3499, 3533, 3530, 3545, 3560, 3575, 3605, 3639, 3644, 3634, 3628, 3676, 3707, 3725, 3728, 3766, 3745, 3789, 3818, 3815, 3800, 3785, 3804, 3821, 3817, 3834, 3816, 3855, 3833, 3852, 3846, 3874, 3841, 3825, 3829, 3802, 3800, 3817, 3845, 3831, 3803, 3813, 3810, 3798, 3820, 3814, 3806, 3773, 3763, 3759, 3767, 3751, 3732, 3748, 3777, 3801, 3818, 3793, 3803, 3780, 3769, 3760, 3796, 3757, 3756, 3727, 3698, 3673, 3682, 3681, 3701, 3711, 3686, 3694, 3723, 3708, 3731, 3708, 3747, 3774, 3762, 3777, 3788, 3824, 3838, 3857, 3881, 3899, 3905, 3912, 3927, 3911, 3923, 3887, 3876, 3872, 3836, 3838, 3836, 3843, 3831, 3845, 3823, 3783, 3776, 3809, 3842, 3851, 3844, 3809, 3787, 3748, 3730, 3712, 3725, 3759, 3761, 3772, 3743, 3716, 3754, 3754, 3777, 3764, 3738, 3685, 3545, 3468, 3479, 3440, 3428, 3443, 3430, 3444, 3472, 3493, 3479, 3526, 3610, 3646, 3663, 3651, 3662, 3704, 3728, 3697, 3691, 3690, 3674, 3655, 3660, 3665, 3704, 3700, 3723, 3728, 3725, 3703, 3672, 3703, 3687, 3676, 3668, 3674, 3678, 3703, 3720, 3725, 3715, 3710, 3711, 3731, 3711, 3713, 3727, 3738, 3774, 3762, 3750, 3757, 3779, 3774, 3750, 3768, 3762, 3735, 3721, 3749, 3767, 3758, 3744, 3763, 3748, 3764, 3770, 3763],
                "taiyo": [0,150,200],
                "temperature": [1, 7.3, 7.1, 7, 6.9, 6.7, 6.1, 7.4, 8.5, 10.4, 11.5, 12.3, 12.3, 11.6, 10.4, 10.2, 9.9, 8.9]
            }
        },
        {
            "target": "20190405",
            "max": {
                "hour": 1,
                "value": 9999
            },
            "data":{
                "total": [],
                "taiyo": [],
                "temperature": []
            }
        },
        {
            "target": "20190404",
            "max": {
                "hour": 1,
                "value": 9999
            },
            "data":{
                "total": [],
                "taiyo": [],
                "temperature": []
            }
        },
        {
            "target": "20190403",
            "max": {
                "hour": 1,
                "value": 9999
            },
            "data":{
                "total": [],
                "taiyo": [],
                "temperature": []
            }
        },
        {
            "target": "20190402",
            "max": {
                "hour": 1,
                "value": 9999
            },
            "data":{
                "total": [],
                "taiyo": [],
                "temperature": []
            }
        },
        {
            "target": "20190401",
            "max": {
                "hour": 1,
                "value": 9999
            },
            "data":{
                "total": [],
                "taiyo": [],
                "temperature": []
            }
        },
        {
            "target": "20190331",
            "max": {
                "hour": 1,
                "value": 9999
            },
            "data":{
                "total": [],
                "taiyo": [],
                "temperature": []
            }
        },
        {
            "target": "20190330",
            "max": {
                "hour": 1,
                "value": 9999
            },
            "data":{
                "total": [],
                "taiyo": [],
                "temperature": []
            }
        },
        {
            "target": "20190329",
            "max": {
                "hour": 1,
                "value": 9999
            },
            "data":{
                "total": [],
                "taiyo": [],
                "temperature": []
            }
        },
        {
            "target": "20190328",
            "max": {
                "hour": 1,
                "value": 9999
            },
            "data":{
                "total": [],
                "taiyo": [],
                "temperature": []
            }
        },
        {
            "target": "20190327",
            "max": {
                "hour": 1,
                "value": 9999
            },
            "data":{
                "total": [],
                "taiyo": [],
                "temperature": []
            }
        },
        {
            "target": "20190326",
            "max": {
                "hour": 1,
                "value": 9999
            },
            "data":{
                "total": [],
                "taiyo": [],
                "temperature": []
            }
        },
        {
            "target": "20190325",
            "max": {
                "hour": 1,
                "value": 9999
            },
            "data":{
                "total": [],
                "taiyo": [],
                "temperature": []
            }
        },
        {
            "target": "20190324",
            "max": {
                "hour": 1,
                "value": 9999
            },
            "data":{
                "total": [],
                "taiyo": [],
                "temperature": []
            }
        }
    ],
    "monthly": [
        null,
        null,
        {
            "previous": {
                "datetime": "2018031121",
                "power": "4232",
                "data": []
            },
            "ever": {
                "datetime": "2015030302",
                "power": "4320",
                "data": []
            }
        },
        {
            "previous": {
                "datetime": "2018040403",
                "power": "4259",
                "data": []
            },
            "ever": {
                "datetime": "2016042213",
                "power": "4420",
                "data": [3698, 3696, 3697, 3694, 3679, 3672, 3677, 3701, 3658, 3668, 3670, 3664, 3694, 3721, 3727, 3747, 3745, 3765, 3760, 3769, 3804, 3831, 3860, 3864, 3836, 3882, 3885, 3902, 3916, 3953, 3955, 3950, 3965, 3964, 3965, 3965, 3976, 3962, 3978, 3965, 3965, 3980, 3967, 3959, 3954, 3921, 3905, 3934, 3930, 3917, 3905, 3905, 3904, 3904, 3900, 3887, 3827, 3837, 3805, 3800, 3797, 3801, 3760, 3737, 3716, 3698, 3687, 3688, 3651, 3599, 3556, 3560, 3566, 3565, 3530, 3549, 3522, 3506, 3488, 3483, 3451, 3437, 3396, 3440, 3386, 3336, 3360, 3366, 3373, 3396, 3433, 3422, 3404, 3418, 3406, 3458, 3438, 3457, 3441, 3446, 3449, 3463, 3492, 3489, 3469, 3458, 3445, 3461, 3462, 3479, 3457, 3441, 3406, 3442, 3423, 3374, 3368, 3348, 3347, 3351, 3321, 3288, 3276, 3244, 3245, 3236, 3229, 3253, 3222, 3202, 3195, 3206, 3217, 3209, 3185, 3162, 3166, 3148, 3126, 3131, 3149, 3165, 3182, 3145, 3141, 3191, 3183, 3190, 3143, 3075, 3084, 3074, 3044, 3036, 3016, 3032, 3041, 3036, 3040, 3047, 3010, 3026, 3046, 3067, 3010, 3022, 3044, 3027, 3034, 3034, 3023, 3000, 2972, 2977, 2943, 2932, 2928, 2918, 2948, 2948, 2938, 2962, 2942, 2971, 2965, 3009, 3011, 2985, 2994, 3007, 3025, 3044, 3035, 3054, 3058, 3085, 3086, 3092, 3100, 3130, 3141, 3139, 3175, 3219, 3229, 3255, 3295, 3364, 3367, 3374, 3417, 3436, 3466, 3493, 3511, 3539, 3547, 3568, 3556, 3571, 3583, 3581, 3582, 3583, 3600, 3587, 3595, 3592, 3591, 3584, 3589, 3574, 3567, 3570, 3577, 3556, 3547, 3548, 3563, 3559, 3556, 3536, 3538, 3535, 3547, 3541, 3527, 3533, 3523, 3513, 3519, 3493, 3494, 3466, 3466, 3458, 3425, 3426, 3424, 3414, 3413, 3397, 3396, 3380, 3378, 3376, 3417, 3423, 3412, 3419, 3409, 3386, 3391, 3360, 3355, 3359, 3371, 3458, 3497, 3519, 3527, 3528, 3516, 3506, 3520, 3519, 3512, 3498]
            }
        },
        null,
        null,
        null,
        null,
        null,
        null,
        null,
        null
    ],
    "ever": {
        "datetime": "2019120100",
        "power": "9999",
        "data": [3852, 3821, 3831, 3801, 3829, 3822, 3802, 3793, 3807, 3786, 3796, 3785, 3796, 3813, 3818, 3822, 3828, 3862, 3854, 3862, 3875, 3890, 3911, 3931, 3942, 3937, 3928, 3964, 3998, 4011, 4033, 4042, 4063, 4054, 4068, 4063, 4073, 4050, 4059, 4035, 4052, 4066, 4058, 4040, 4020, 4030, 4010, 4018, 4008, 4014, 3990, 3976, 3951, 3945, 3928, 3944, 3945, 3957, 3942, 3892, 3876, 3883, 3861, 3866, 3843, 3832, 3786, 3747, 3739, 3730, 3711, 3682, 3680, 3700, 3668, 3685, 3693, 3678, 3658, 3626, 3642, 3655, 3633, 3620, 3624, 3589, 3590, 3608, 3628, 3642, 3651, 3628, 3691, 3709, 3727, 3763, 3772, 3802, 3830, 3830, 3851, 3872, 3922, 3930, 3956, 3977, 4037, 4063, 4061, 4091, 4115, 4114, 4121, 4118, 4128, 4131, 4114, 4090, 4080, 4104, 4102, 4091, 4078, 4073, 4082, 4080, 4065, 4079, 4081, 4058, 4064, 4072, 4050, 4046, 4045, 4052, 4048, 4055, 4062, 4047, 4064, 4060, 4042, 4031, 4031, 3993, 3954, 3934, 3909, 3894, 3879, 3866, 3846, 3850, 3847, 3857, 3892, 3907, 3940, 3941, 3923, 3921, 3933, 3958, 3951, 3943, 3945, 3940, 3915, 3917, 3912, 3935, 3930, 3934, 3915, 3943, 3931, 3913, 3919, 3915, 3909, 3900, 3904, 3893, 3886, 3909, 3924, 3910, 3887, 3894, 3898, 3893, 3885, 3910, 3916, 3925, 3933, 3918, 3939, 3951, 3936, 3918, 3953, 3945, 3940, 3934, 3949, 3980, 3973, 3979, 3977, 3978, 3984, 3992, 4003, 4016, 4018, 4009, 4013, 4013, 4015, 4023, 4004, 3983, 3990, 3983, 3982, 3959, 3954, 3933, 3932, 3898, 3907, 3899, 3895, 3872, 3857, 3871, 3865, 3852, 3831, 3815, 3811, 3802, 3811, 3805, 3801, 3785, 3770, 3779, 3762, 3737, 3748, 3714, 3686, 3674, 3645, 3649, 3626, 3616, 3620, 3623, 3588, 3619, 3615, 3641, 3663, 3683, 3675, 3651, 3638, 3601, 3616, 3601, 3585, 3588, 3583, 3649, 3707, 3723, 3733, 3740, 3723, 3710, 3693, 3720, 3723, 3693]
    }
}