[
	{
		"category": "定期報告",
		"menus": [
			{ "label": "エリア給電速報"      ,  "link": "pages/report/day.html"     },
			{ "label": "エリア給電月報（速報）",  "link": "pages/report/month.html"   },
			{ "label": "エリア給電月報（確報）",  "link": "pages/report/month_k.html" },
			{ "label": "エリア給電期報（速報）",  "link": "pages/report/half.html"    },
			{ "label": "エリア給電期報（確報）",  "link": "pages/report/half_k.html"  },
			{ "label": "エリア給電年報（速報）",  "link": "pages/report/year.html"    },
			{ "label": "エリア給電年報（確報）",  "link": "pages/report/year_k.html"  }
		]
	},
	{
		"category": "実績",
		"menus": [
			{ "label": "エリア需給実績グラフ",  "link": "pages/result/minute.html"          },
			{ "label": "エリア発受電実績グラフ",  "link": "pages/result/hour.html"            },
			{ "label": "インバランス",  "link": "pages/result/imbalance.html"       },
			{ "label": "調整力",  "link": "pages/result/adjustment.html"      },
			{ "label": "年度別最大",  "link": "pages/result/list.html"            },
			{ "label": "エリア最大電力の推移",  "link": "pages/result/power_of_month.html"  },
			{ "label": "エリア日電力量の推移",  "link": "pages/result/energy_of_month.html" },
			{ "label": "エリア日電力量の推移（年間）",  "link": "pages/result/energy_of_year.html"  }
		]
	}
]
