[
    {
        "category": "実績",
        "menus": [
            {
                "label": "エリア需給実績グラフ",
                "link": "result/minute.html"
            },
            {
                "label": "年度別エリア最大実績一覧",
                "link": "result/maximum_list.html"
            },
            {
                "label": "エリア最大電力の推移",
                "link": "result/transition_of_power_for_month.html"
            },
            {
                "label": "エリア日電力量の推移",
                "link": "result/transition_of_energy_for_month.html"
            },
            {
                "label": "エリア日電力量の推移（年間）",
                "link": "result/transition_of_energy_for_year.html"
            }
        ]
    }
]