[
    {
        "category": "定期報告",
        "menus": [
            {
                "label": "エリア給電速報",
                "link": "report/daily.html"
            },
            {
                "label": "エリア給電月報（速報）",
                "link": "report/monthly.html"
            },
            {
                "label": "エリア給電期報（速報）",
                "link": "report/half.html"
            },
            {
                "label": "エリア給電年報（速報）",
                "link": "report/annual.html"
            },
            {
                "label": "エリア給電月報（確報）",
                "link": "report/monthly_confirmed.html"
            },
            {
                "label": "エリア給電期報（確報）",
                "link": "report/half_confirmed.html"
            },
            {
                "label": "エリア給電年報（確報）",
                "link": "report/annual_confirmed.html"
            }
        ]
    },
    {
        "category": "実績",
        "menus": [
            {
                "label": "エリア需給実績グラフ",
                "link": "result/minute.html"
            },
            {
                "label": "エリア発受電実績グラフ",
                "link": "result/hour.html"
            },
            {
                "label": "インバランス実績グラフ",
                "link": "result/imbalance.html"
            },
            {
                "label": "調整力実績グラフ",
                "link": "result/adjustment.html"
            },
            {
                "label": "年度別エリア最大実績一覧",
                "link": "result/maximum_list.html"
            },
            {
                "label": "エリア最大電力の推移",
                "link": "result/transition_of_power_for_month.html"
            },
            {
                "label": "エリア日電力量の推移",
                "link": "result/transition_of_energy_for_month.html"
            },
            {
                "label": "エリア日電力量の推移（年間）",
                "link": "result/transition_of_energy_for_year.html"
            }
        ]
    }
]