[
    {
        "target": "20190405",
        "kakuho": [3500,3200,3300],
        "hitsuyo": [3400,3200,3300],
        "total": [500,600,200],
        "items": [
            {
                "label": "集約",
                "values": [100,100,100]
            },
            {
                "label": "集約",
                "values": [100,100,100]
            },
            {
                "label": "集約",
                "values": [100,100,100]
            },
            {
                "label": "集約",
                "values": [100,100,100]
            },
            {
                "label": "集約",
                "values": [100,100,100]
            },
            {
                "label": "集約",
                "values": [-100,100,100]
            }
        ]
    },
    {
        "target": "20190404",
        "kakuho": [],
        "hitsuyo": [],
        "total": [],
        "items": [
            {
                "label": "集約",
                "values": [100,100,100]
            },
            {
                "label": "集約",
                "values": [100,100,100]
            },
            {
                "label": "集約",
                "values": [100,100,100]
            },
            {
                "label": "集約",
                "values": [100,100,100]
            },
            {
                "label": "集約",
                "values": [100,100,100]
            },
            {
                "label": "集約",
                "values": [100,100,100]
            }
        ]
    },
    {
        "target": "20190403",
        "data": {
            "total": [],
            "hatsuden": [],
            "juyo": []
        }
    },
    {
        "target": "20190402",
        "data": {
            "total": [],
            "hatsuden": [],
            "juyo": []
        }
    },
    {
        "target": "20190401",
        "data": {
            "total": [],
            "hatsuden": [],
            "juyo": []
        }
    },
    {
        "target": "20190331",
        "data": {
            "total": [],
            "hatsuden": [],
            "juyo": []
        }
    },
    {
        "target": "20190330",
        "data": {
            "total": [],
            "hatsuden": [],
            "juyo": []
        }
    },
    {
        "target": "20190329",
        "data": {
            "total": [],
            "hatsuden": [],
            "juyo": []
        }
    },
    {
        "target": "20190328",
        "data": {
            "total": [],
            "hatsuden": [],
            "juyo": []
        }
    },
    {
        "target": "20190327",
        "data": {
            "total": [],
            "hatsuden": [],
            "juyo": []
        }
    },
    {
        "target": "20190326",
        "data": {
            "total": [],
            "hatsuden": [],
            "juyo": []
        }
    },
    {
        "target": "20190325",
        "data": {
            "total": [],
            "hatsuden": [],
            "juyo": []
        }
    },
    {
        "target": "20190324",
        "data": {
            "total": [],
            "hatsuden": [],
            "juyo": []
        }
    },
    {
        "target": "20190323",
        "data": {
            "total": [],
            "hatsuden": [],
            "juyo": []
        }
    }
]