[
    {
        "target": "20190405",
        "data": {
            "total": [
                100,
                200,
                -300
            ],
            "hatsuden": [
                50,
                60,
                100
            ],
            "juyo": [
                60,
                -1000,
                50
            ]
        }
    },
    {
        "target": "20190404",
        "data": {
            "total": [],
            "hatsuden": [],
            "juyo": []
        }
    },
    {
        "target": "20190403",
        "data": {
            "total": [],
            "hatsuden": [],
            "juyo": []
        }
    },
    {
        "target": "20190402",
        "data": {
            "total": [],
            "hatsuden": [],
            "juyo": []
        }
    },
    {
        "target": "20190401",
        "data": {
            "total": [],
            "hatsuden": [],
            "juyo": []
        }
    },
    {
        "target": "20190331",
        "data": {
            "total": [],
            "hatsuden": [],
            "juyo": []
        }
    },
    {
        "target": "20190330",
        "data": {
            "total": [],
            "hatsuden": [],
            "juyo": []
        }
    },
    {
        "target": "20190329",
        "data": {
            "total": [],
            "hatsuden": [],
            "juyo": []
        }
    },
    {
        "target": "20190328",
        "data": {
            "total": [],
            "hatsuden": [],
            "juyo": []
        }
    },
    {
        "target": "20190327",
        "data": {
            "total": [],
            "hatsuden": [],
            "juyo": []
        }
    },
    {
        "target": "20190326",
        "data": {
            "total": [],
            "hatsuden": [],
            "juyo": []
        }
    },
    {
        "target": "20190325",
        "data": {
            "total": [],
            "hatsuden": [],
            "juyo": []
        }
    },
    {
        "target": "20190324",
        "data": {
            "total": [],
            "hatsuden": [],
            "juyo": []
        }
    },
    {
        "target": "20190323",
        "data": {
            "total": [],
            "hatsuden": [],
            "juyo": []
        }
    }
]